Book_Id,Title,Author,Author_l-f,Additional_Authors,ISBN,ISBN13,My_Rating,Average_Rating,Publisher,Binding,Number_of_Pages,Year_Published,Original_Publication_Year,Date_Read,Date_Added,Bookshelves,Bookshelves_with_positions,Exclusive_Shelf,My_Review,Spoiler,Private_Notes,Read_Count,Recommended_For,Recommended_By,Owned_Copies,Original_Purchase_Date,Original_Purchase_Location,Condition,Condition_Description,BCID
54898389,The Almanack of Naval Ravikant: A Guide to Wealth and Happiness,Eric Jorgenson,"Jorgenson, Eric",,,9781544514208,0,4.66,Magrathea Publishing,ebook,,2020,,,9/21/20,currently-reading,currently-reading (#12),currently-reading,,,,1,,,0,,,,,
41881472,The Psychology of Money,Morgan Housel,"Housel, Morgan",,,,5,4.51,Harriman House,Paperback,,2020,,10/30/20,10/26/20,,,read,,,,1,,,0,,,,,
14290284,Pieces of the Action,Vannevar Bush,"Bush, Vannevar",,,,0,4.2,"William Morrow & Company, Inc",Hardcover,366,1970,1970,,9/20/20,"to-read, might","to-read (#90), might (#43)",to-read,,,,0,,,0,,,,,
3722134,Call Me Ted,Ted Turner,"Turner, Ted",Bill Burke,446581895,9780446581899,0,4,Grand Central Publishing,Hardcover,433,2008,2008,,8/28/20,to-read,to-read (#89),to-read,,,,0,,,0,,,,,
13155290,Several Short Sentences About Writing,Verlyn Klinkenborg,"Klinkenborg, Verlyn",,307266346,9780307266347,0,4.16,Knopf,Hardcover,224,2012,2012,,8/26/20,currently-reading,currently-reading (#11),currently-reading,,,,1,,,0,,,,,
37880811,Make Time: How to Focus on What Matters Every Day,Jake Knapp,"Knapp, Jake",John Zeratsky,525572422,9780525572428,0,4.13,Currency,Hardcover,287,2018,2018,,7/14/20,to-read,to-read (#88),to-read,,,,0,,,0,,,,,
38821039,The Making of a Manager: What to Do When Everyone Looks to You,Julie Zhuo,"Zhuo, Julie",,735219567,9780735219564,0,4.29,Portfolio,Hardcover,288,2019,2019,,7/14/20,to-read,to-read (#87),to-read,,,,0,,,0,,,,,
34466963,Why We Sleep: Unlocking the Power of Sleep and Dreams,Matthew Walker,"Walker, Matthew",,,,0,4.37,Scribner,Hardcover,368,2017,2017,,5/26/20,currently-reading,currently-reading (#10),currently-reading,,,,1,,,0,,,,,
7108725,Start with Why: How Great Leaders Inspire Everyone to Take Action,Simon Sinek,"Sinek, Simon",,1591842808,9781591842804,0,4.08,Portfolio,Hardcover,256,2009,2009,,6/20/20,to-read,to-read (#86),to-read,,,,0,,,0,,,,,
52560378,Saying No to Jugaad: The Making of Bigbasket,T N Hari,"Hari, T N",M.S. Subramanian,,,0,3.85,Bloomsbury India,Kindle Edition,179,2019,,,6/5/20,to-read,to-read (#85),to-read,,,,0,,,0,,,,,
13039744,12 Essential Skills for Software Architects,Dave Hendricksen,"Hendricksen, Dave",,321717295,9780321717290,0,3.72,Addison-Wesley Professional,Paperback,256,2011,2011,,5/26/20,to-read,to-read (#84),to-read,,,,0,,,0,,,,,
137554,Not Fade Away: A Short Life Well Lived,Laurence Shames,"Shames, Laurence",Peter Barton,006073731X,9780060737313,0,4.2,Harper Perennial,Paperback,224,2004,2003,,5/10/20,"to-read, might","to-read (#83), might (#42)",to-read,,,,0,,,0,,,,,
97642,No More Mr. Nice Guy,Robert A. Glover,"Glover, Robert A.",,762415339,9780762415335,0,4.06,Running Press Adult,Hardcover,208,2003,2000,,4/20/19,"might, currently-reading","might (#28), currently-reading (#9)",currently-reading,,,,1,,,0,,,,,
25666050,Algorithms to Live By: The Computer Science of Human Decisions,Brian Christian,"Christian, Brian",Tom  Griffiths,1627790365,9781627790369,0,4.15,Henry Holt and Co.,Hardcover,368,2016,2016,,4/4/20,"to-read, might","to-read (#82), might (#41)",to-read,,,,0,,,0,,,,,
515601,The C Programming Language,Brian W. Kernighan,"Kernighan, Brian W.",Dennis M. Ritchie,131103628,9780131103627,0,4.42,Pearson,Paperback,288,1988,1978,,4/4/20,,,read,,,,1,,,0,,,,,
3042,Knowledge And Decisions,Thomas Sowell,"Sowell, Thomas",,465037380,9780465037384,0,4.39,Basic Books,Paperback,422,1996,1979,,10/5/19,currently-reading,currently-reading (#8),currently-reading,,,,1,,,0,,,,,
53343,On Writing Well: The Classic Guide to Writing Nonfiction,William Zinsser,"Zinsser, William",,60891548,9780060891541,5,4.26,Harper Perennial,Paperback,336,2016,1976,4/4/20,12/16/18,might,might (#21),read,,,,1,,,0,,,,,
840,The Design of Everyday Things,Donald A. Norman,"Norman, Donald A.",,465067107,9780465067107,3,4.16,Basic Books,Paperback,240,2002,1988,3/2/20,7/21/18,,,read,,,,1,,,0,,,,,
37570605,Company of One: Why Staying Small Is the Next Big Thing for Business,Paul Jarvis,"Jarvis, Paul",,1328972356,9781328972354,0,3.97,Houghton Mifflin Harcourt,Hardcover,272,2019,2019,,2/8/20,"to-read, might","to-read (#81), might (#40)",to-read,,,,0,,,0,,,,,
1751047,A Piece of the Action: How the Middle Class Joined the Money Class,Joe Nocera,"Nocera, Joe",,684804352,9780684804354,0,4.34,Touchstone,Paperback,464,1995,1994,,2/2/20,to-read,to-read (#80),to-read,,,,0,,,0,,,,,
26312997,Peak: Secrets from the New Science of Expertise,K. Anders Ericsson,"Ericsson, K. Anders",Robert Pool,544456254,9780544456259,0,4.27,Eamon Dolan/Houghton Mifflin Harcourt,ebook,336,2016,2016,,3/2/19,"might, currently-reading","might (#24), currently-reading (#7)",currently-reading,,,,1,,,0,,,,,
26597296,Money Changes Everything: How Finance Made Civilization Possible,William N. Goetzmann,"Goetzmann, William N.",,691143781,9780691143781,0,3.97,Princeton University Press,Hardcover,600,2016,2016,,12/27/19,"to-read, might","to-read (#79), might (#39)",to-read,,,,0,,,0,,,,,
45733318,What It Takes: Lessons in the Pursuit of Excellence,Stephen A. Schwarzman,"Schwarzman, Stephen A.",,1508279144,9781508279143,3,4.18,Simon  Schuster Audio,Audio CD,400,2019,2019,11/15/19,11/10/19,,,read,,,,1,,,0,,,,,
40092129,Who Is Michael Ovitz?,Michael Ovitz,"Ovitz, Michael",,,,5,4.19,Portfolio,Kindle Edition,384,2018,,8/19/19,7/5/19,,,read,,,,1,,,0,,,,,
36622739,The Courage to Be Disliked: The Japanese Phenomenon That Shows You How to Change Your Life and Achieve Real Happiness,Ichiro Kishimi,"Kishimi, Ichiro",Fumitake Koga,1501197274,9781501197277,3,4.1,Atria Books,Hardcover,288,2018,2013,7/26/18,7/25/18,,,read,,,,1,,,0,,,,,
27667,The Scientist in the Crib: What Early Learning Tells Us About the Mind,Alison Gopnik,"Gopnik, Alison","Andrew N. Meltzoff, Patricia K. Kuhl",688177883,9780688177881,0,3.84,William Morrow Paperbacks,Paperback,304,2000,1999,,12/5/19,"to-read, found","to-read (#78), found (#2)",to-read,,,,0,,,0,,,,,
1000141,The Path of Least Resistance for Managers,Robert Fritz,"Fritz, Robert",Peter M. Senge,1576750655,9781576750650,0,4.14,Berrett-Koehler Publishers,Paperback,156,1999,1999,,12/1/19,"to-read, might","to-read (#77), might (#38)",to-read,,,,0,,,0,,,,,
29633913,"Emergent Strategy: Shaping Change, Changing Worlds",adrienne maree brown,"brown, adrienne maree",,1849352607,9781849352604,0,4.33,A K Pr Distribution,Paperback,274,2017,2017,,11/29/19,to-read,to-read (#76),to-read,,,,0,,,0,,,,,
583785,The Systems Bible: The Beginner's Guide to Systems Large and Small: Being the Third Edition of Systemantics,John Gall,"Gall, John",,961825170,9780961825171,0,3.98,General Systemantics Press,Hardcover,314,2002,1977,,11/20/19,"to-read, might","to-read (#75), might (#37)",to-read,,,,0,,,0,,,,,
6986632,The Greatest Trade Ever: The Behind-the-Scenes Story of How John Paulson Defied Wall Street and Made Financial History,Gregory Zuckerman,"Zuckerman, Gregory",,385529910,9780385529914,0,4.04,Crown Business,Hardcover,304,2009,2009,,11/9/19,to-read,to-read (#74),to-read,,,,0,,,0,,,,,
44063692,What You Do Is Who You Are: How to Create Your Business Culture,Ben Horowitz,"Horowitz, Ben",,62871331,9780062871336,0,4.06,Harper Business,Hardcover,288,2019,2019,,11/6/19,to-read,to-read (#73),to-read,,,,0,,,0,,,,,
43889703,The Man Who Solved the Market: How Jim Simons Launched the Quant Revolution,Gregory Zuckerman,"Zuckerman, Gregory",,241309727,9780241309728,0,4.08,Portfolio Penguin,Paperback,359,2019,2019,,11/6/19,to-read,to-read (#72),to-read,,,,0,,,0,,,,,
20518872,The Three-Body Problem (Remembrance of Earth’s Past #1),Liu Cixin,"Cixin, Liu",Ken Liu,765377063,9780765377067,0,4.06,Tor Books,Hardcover,399,2014,2006,,10/19/19,"to-read, might","to-read (#71), might (#36)",to-read,,,,0,,,0,,,,,
35519,The Power of Myth,Joseph Campbell,"Campbell, Joseph",Bill Moyers,385418868,9780385418867,0,4.26,Anchor,Paperback,320,1988,1988,,6/14/18,"might, currently-reading","might (#3), currently-reading (#6)",currently-reading,,,,1,,,0,,,,,
2221909,The End of India,Khushwant Singh,"Singh, Khushwant",,143029940,9780143029946,0,3.88,Penguin Group,Hardcover,163,2003,2003,,8/26/19,"to-read, might","to-read (#70), might (#35)",to-read,,,,0,,,0,,,,,
13586932,The Outsiders: Eight Unconventional CEOs and Their Radically Rational Blueprint for Success,William N. Thorndike Jr.,"Jr., William N. Thorndike",,1422162672,9781422162675,0,4.25,Harvard Business Review Press,Hardcover,272,2012,2012,,7/11/19,to-read,to-read (#69),to-read,,,,0,,,0,,,,,
41795733,Range: Why Generalists Triumph in a Specialized World,David   Epstein,"Epstein, David",,735214484,9780735214484,5,4.17,Riverhead Books,Hardcover,352,2019,2019,7/3/19,5/28/19,might,might (#32),read,,,,1,,,0,,,,,
39863447,"Loonshots: How to Nurture the Crazy Ideas That Win Wars, Cure Diseases, and Transform Industries",Safi Bahcall,"Bahcall, Safi",,1250185963,9781250185969,0,4.1,St. Martin's Press,Hardcover,368,2019,2019,,6/28/19,"to-read, might","to-read (#68), might (#34)",to-read,,,,0,,,0,,,,,
94560,The Birth of Plenty: How the Prosperity of the Modern World Was Created,William J. Bernstein,"Bernstein, William J.",,71421920,9780071421928,0,4.18,McGraw-Hill,Hardcover,420,2004,2004,,4/28/19,currently-reading,currently-reading (#5),currently-reading,,,,1,,,0,,,,,
36556202,The Coddling of the American Mind: How Good Intentions and Bad Ideas Are Setting Up a Generation for Failure,Jonathan Haidt,"Haidt, Jonathan",Greg Lukianoff,,,3,4.25,Penguin Books,Kindle Edition,352,2018,2018,6/12/19,6/2/19,,,read,"A bit snacky. I believed in most of the core ideas in the book before reading itself, so confirmed some of my biases. The author believes in anti-fragility, but still prescribes heave handed. Also, sometimes the tone is too blamy. Could have been shorter. Its fun to see some of these things in Indian context. ",,,1,,,0,,,,,
16171221,The Sports Gene: Inside the Science of Extraordinary Athletic Performance,David   Epstein,"Epstein, David",,1591845114,9781591845119,0,4.19,Current,Hardcover,338,2013,2013,,6/10/19,"to-read, might","to-read (#67), might (#33)",to-read,,,,0,,,0,,,,,
44735,The Elements of Typographic Style,Robert Bringhurst,"Bringhurst, Robert",,881792063,9780881792065,0,4.25,Hartley & Marks Publishers,Paperback,352,2004,1992,,5/25/19,to-read,to-read (#66),to-read,,,,0,,,0,,,,,
17307317,Money: The Unauthorised Biography,Felix Martin,"Martin, Felix",,1847922333,9781847922335,0,3.82,Bodley Head,Hardcover,336,2013,2013,,5/25/19,to-read,to-read (#65),to-read,,,,0,,,0,,,,,
37424706,The Art of Gathering: How We Meet and Why It Matters,Priya Parker,"Parker, Priya",,1594634920,9781594634925,0,3.98,Riverhead Books,Hardcover,320,2018,2018,,5/23/19,to-read,to-read (#64),to-read,,,,0,,,0,,,,,
503150,Letters to a Young Contrarian,Christopher Hitchens,"Hitchens, Christopher",,465030335,9780465030330,0,4.14,Basic Books,Paperback,141,2005,2001,5/22/19,3/3/19,,,read,,,,1,,,0,,,,,
40642458,The Second Mountain,David  Brooks,"Brooks, David",,812993268,9780812993264,4,3.74,Random House,Hardcover,384,2019,2019,5/18/19,4/29/19,,,read,Love/hate. Accurate diagnosis of the problem. Loved the description of vocation and how it feels. Didn’t “get” religious part of it. ,,,1,,,0,,,,,
5986375,"This Is Water: Some Thoughts, Delivered on a Significant Occasion, about Living a Compassionate Life",David Foster Wallace,"Wallace, David Foster",,316068225,9780316068222,0,4.51,"Little, Brown and Company",Hardcover,138,2009,2009,,5/8/19,,,read,,,,1,,,0,,,,,
30556551,Nobody Wants to Read Your Sh*t: Why That Is And What You Can Do About It,Steven Pressfield,"Pressfield, Steven",Shawn Coyne,,,0,4.2,Black Irish Entertainment LLC,Kindle Edition,191,2016,2016,,5/5/19,to-read,to-read (#63),to-read,,,,0,,,0,,,,,
14498698,The Dimensions of Experience,Andrew P. Smith,"Smith, Andrew P.",,1436370825,9781436370820,0,3,Xlibris,Paperback,504,2009,2009,,5/4/19,"might, to-read","might (#31), to-read (#62)",to-read,,,,0,,,0,,,,,
31555,Phantoms in the Brain: Probing the Mysteries of the Human Mind,V.S. Ramachandran,"Ramachandran, V.S.","Sandra Blakeslee, Oliver Sacks",688172172,9780688172176,0,4.26,William Morrow Paperbacks,Paperback,352,1999,1998,,4/28/19,"to-read, might","to-read (#61), might (#30)",to-read,,,,0,,,0,,,,,
306940,Impro: Improvisation and the Theatre,Keith Johnstone,"Johnstone, Keith",Irving Wardle,878301178,9780878301171,0,4.25,Routledge,Paperback,208,1987,1979,,4/28/19,to-read,to-read (#60),to-read,,,,0,,,0,,,,,
7170627,The Emperor of All Maladies: A Biography of Cancer,Siddhartha Mukherjee,"Mukherjee, Siddhartha",,,,0,4.28,Scribner,Hardcover,571,2010,2010,,5/26/18,currently-reading,currently-reading (#4),currently-reading,,,,1,,,0,,,,,
17859574,How to Fail at Almost Everything and Still Win Big: Kind of the Story of My Life,Scott Adams,"Adams, Scott",,1591846919,9781591846918,4,4.1,Penguin Portfolio,Hardcover,248,2013,2013,4/23/19,3/31/19,,,read,,,,1,,,0,,,,,
24503,Importance of Being Idle,Stephen Robins,"Robins, Stephen",,1853754382,9781853754388,0,3.71,Prion,Paperback,226,2001,2000,,4/21/19,"might, to-read","might (#29), to-read (#59)",to-read,,,,0,,,0,,,,,
40121378,Atomic Habits: An Easy & Proven Way to Build Good Habits & Break Bad Ones,James Clear,"Clear, James",,,,4,4.35,Avery,Kindle Edition,319,2018,2018,4/13/19,12/16/18,,,read,,,,1,,,0,,,,,
169354,"The Prize: The Epic Quest for Oil, Money, and Power",Daniel Yergin,"Yergin, Daniel",,671799320,9780671799328,0,4.42,Free Press,Paperback,885,1993,1991,,4/12/19,"to-read, might","to-read (#58), might (#27)",to-read,,,,0,,,0,,,,,
38398157,Blitzscaling: The Lightning-Fast Path to Building Massively Valuable Companies,Reid Hoffman,"Hoffman, Reid",Chris Yeh,1524761419,9781524761417,3,4.04,Currency,Hardcover,336,2018,2018,4/7/19,3/19/19,,,read,,,,1,,,0,,,,,
27036528,Ego Is the Enemy,Ryan Holiday,"Holiday, Ryan",,1591847818,9781591847816,0,4.16,Portfolio,Hardcover,226,2016,2016,,3/31/19,"might, to-read","might (#26), to-read (#57)",to-read,,,,0,,,0,,,,,
955110,Games Indians Play: Why We Are the Way We Are,V. Raghunathan,"Raghunathan, V.",,670999407,9780670999408,0,3.45,"Penguin Books, Limited (UK)",Hardcover,170,2006,2006,,3/26/19,to-read,to-read (#56),to-read,,,,0,,,0,,,,,
26833426,"If You Really Want to Change the World: A Guide to Creating, Building, and Sustaining Breakthrough Ventures",Henry Kressel,"Kressel, Henry",Norman Winarsky,,,3,3.56,Harvard Business Review Press,Kindle Edition,234,2015,2015,3/24/19,9/9/18,,,read,,,,1,,,0,,,,,
16176,The Red Queen: Sex and the Evolution of Human Nature,Matt Ridley,"Ridley, Matt",,60556579,9780060556570,0,4.05,Harper Perennial (HarperCollins),Paperback,405,2003,1993,,4/29/18,currently-reading,currently-reading (#3),currently-reading,,,,1,,,0,,,,,
15916,The True Believer: Thoughts on the Nature of Mass Movements,Eric Hoffer,"Hoffer, Eric",,60505915,9780060505912,5,4.22,Harper Perennial Modern Classics,Paperback,177,2010,1951,3/23/19,9/8/18,,,read,,,,1,,,0,,,,,
722412,The Dream Machine: J.C.R. Licklider and the Revolution That Made Computing Personal,M. Mitchell Waldrop,"Waldrop, M. Mitchell",,014200135X,9780142001356,0,4.54,Penguin Books,Paperback,512,2002,2001,,3/22/19,"to-read, might","to-read (#55), might (#25)",to-read,,,,0,,,0,,,,,
25816925,The Evolution of Everything: How New Ideas Emerge,Matt Ridley,"Ridley, Matt",,62296000,9780062296009,3,3.92,Harper,Hardcover,368,2015,2015,3/22/19,4/29/18,,,read,,,,1,,,0,,,,,
16144575,How Asia Works: Success and Failure in the World's Most Dynamic Region,Joe Studwell,"Studwell, Joe",,080211959X,9780802119599,0,4.27,Grove Press,Hardcover,320,2013,2013,,3/3/19,to-read,to-read (#54),to-read,,,,0,,,0,,,,,
40591933,Humanimal: How Homo Sapiens Became Nature’s Most Paradoxical Creature—A New Evolutionary History,Adam Rutherford,"Rutherford, Adam",,1615195319,9781615195312,0,3.88,The Experiment,Hardcover,256,2019,2019,,2/19/19,to-read,to-read (#53),to-read,,,,0,,,0,,,,,
37966381,Farsighted: How We Make the Decisions That Matter the Most,Steven Johnson,"Johnson, Steven",,525626034,9780525626039,0,3.55,Books on Tape,Audio CD,,2018,2018,2/18/19,8/7/18,might,might (#15),read,,,,1,,,0,,,,,
81984,A History of Money and Banking in the United States: The Colonial Era to World War II,Murray N. Rothbard,"Rothbard, Murray N.",Joseph T. Salerno,945466331,9780945466338,0,4.21,Ludwig Von Mises Institute,Hardcover,510,2002,2002,,1/2/19,"to-read, found","to-read (#52), found (#1)",to-read,,,,0,,,0,,,,,
9491855,"Why the West Rules—for Now: The Patterns of History, and What They Reveal About the Future",Ian Morris,"Morris, Ian",,1429977043,9781429977043,0,4.11,"Farrar, Straus and Giroux",ebook,768,2010,2010,,12/28/18,"to-read, might","to-read (#51), might (#23)",to-read,,,,0,,,0,,,,,
40179007,The Messy Middle: Finding Your Way Through the Hardest and Most Crucial Part of Any Bold Venture,Scott Belsky,"Belsky, Scott",,,,5,4.04,Portfolio,Kindle Edition,413,2018,2018,12/25/18,12/5/18,,,read,,,,1,,,0,,,,,
303615,"The General Theory of Employment, Interest, and Money",John Maynard Keynes,"Keynes, John Maynard",,1573921394,9781573921398,0,3.84,Prometheus Books,Paperback,403,1997,1935,,12/24/18,"to-read, might","to-read (#50), might (#22)",to-read,,,,0,,,0,,,,,
13593553,To Sell is Human: The Surprising Truth About Moving Others,Daniel H. Pink,"Pink, Daniel H.",,1594487154,9781594487156,0,3.9,Riverhead Books,Hardcover,272,2012,2012,12/12/18,11/29/18,,,read,,,,1,,,0,,,,,
222146,Masters of Doom: How Two Guys Created an Empire and Transformed Pop Culture,David Kushner,"Kushner, David",,812972155,9780812972153,0,4.28,Random House Trade Paperbacks,Paperback,339,2004,2003,,12/9/18,to-read,to-read (#49),to-read,,,,0,,,0,,,,,
37638098,Creative Selection: Inside Apple's Design Process During the Golden Age of Steve Jobs,Ken Kocienda,"Kocienda, Ken",,1250194466,9781250194466,0,4.04,St. Martin's Press,Hardcover,264,2018,2018,,11/19/18,to-read,to-read (#48),to-read,,,,0,,,0,,,,,
30547646,Why Time Flies: A Mostly Scientific Investigation,Alan Burdick,"Burdick, Alan",,141654027X,9781416540274,0,3.42,Simon  Schuster,Hardcover,320,2017,2017,,11/18/18,to-read,to-read (#47),to-read,,,,0,,,0,,,,,
327,Why Zebras Don't Get Ulcers,Robert M. Sapolsky,"Sapolsky, Robert M.",,805073698,9780805073690,0,4.17,Holt Paperbacks,Paperback,560,2004,1993,,11/18/18,"to-read, might","to-read (#46), might (#20)",to-read,,,,0,,,0,,,,,
30780235,The Knowledge Illusion: Why We Never Think Alone,Steven Sloman,"Sloman, Steven",Philip Fernbach,039918435X,9780399184352,0,3.86,Riverhead Books,Hardcover,304,2017,2017,,11/18/18,to-read,to-read (#45),to-read,,,,0,,,0,,,,,
138878,The Way to Love,Anthony de Mello,"Mello, Anthony de",J. Francis Stroud,038524939X,9780385249393,0,4.14,Image,Paperback,196,1995,1991,,11/12/18,to-read,to-read (#44),to-read,,,,0,,,0,,,,,
39939050,The Book of Humans: The Story of How We Became Us,Adam Rutherford,"Rutherford, Adam",,,,0,3.88,Weidenfeld & Nicolson,Kindle Edition,272,2018,2019,,11/10/18,to-read,to-read (#43),to-read,,,,0,,,0,,,,,
1501364,Models of My Life,Herbert A. Simon,"Simon, Herbert A.",,026269185X,9780262691857,0,3.8,MIT Press,Paperback,415,1996,1991,,11/4/18,to-read,to-read (#42),to-read,,,,0,,,0,,,,,
15895832,Influence: Science and Practice: The Comic,Robert B. Cialdini,"Cialdini, Robert B.","Nathan Lueth, Nadja Baer",161066020X,9781610660204,0,3.99,Writers of the Round Table Press,Paperback,82,2012,2012,,11/3/18,"might, to-read","might (#19), to-read (#41)",to-read,,,,0,,,0,,,,,
3828902,Thinking in Systems: A Primer,Donella H. Meadows,"Meadows, Donella H.",Diana       Wright,1603580557,9781603580557,0,4.27,Chelsea Green Publishing,Paperback,240,2008,2008,,7/28/18,"might, currently-reading","might (#14), currently-reading (#2)",currently-reading,,,,1,,,0,,,,,
20821140,World Order,Henry Kissinger,"Kissinger, Henry",,1594206147,9781594206146,0,4.06,Penguin Press,Hardcover,420,2014,2014,,10/26/18,"might, to-read","might (#18), to-read (#40)",to-read,,,,0,,,0,,,,,
36288143,Brotopia: Breaking Up the Boys' Club of Silicon Valley,Emily  Chang,"Chang, Emily",,,,0,4.01,Portfolio,Kindle Edition,317,2018,2018,10/5/18,9/26/18,,,read,,,,1,,,0,,,,,
29940834,The Great Convergence: Information Technology and the New Globalization,Richard Baldwin,"Baldwin, Richard",,067466048X,9780674660489,0,4.08,Belknap Press,Hardcover,344,2016,2019,,9/26/18,"to-read, might","to-read (#39), might (#17)",to-read,,,,0,,,0,,,,,
39286958,Measure What Matters,John E. Doerr,"Doerr, John E.",,,,2,4.02,Penguin,Kindle Edition,320,2018,2017,9/24/18,5/17/18,,,read,,,,1,,,0,,,,,
207781,The Art Spirit,Robert Henri,"Henri, Robert","Forbes Watson, Margery A. Ryerson",64301389,9780064301381,0,3.89,Westview Press,Paperback,284,1984,1929,,9/15/18,"might, to-read","might (#16), to-read (#38)",to-read,,,,0,,,0,,,,,
12543,Bird by Bird: Some Instructions on Writing and Life,Anne Lamott,"Lamott, Anne",,385480016,9780385480017,5,4.23,Anchor,Paperback,237,1995,1994,9/15/18,5/3/18,might,might (#2),read,,,,1,,,0,,,,,
36064445,Skin in the Game: The Hidden Asymmetries in Daily Life,Nassim Nicholas Taleb,"Taleb, Nassim Nicholas",,241300657,9780241300657,4,3.88,Allen Lane,Paperback,272,2018,2018,9/9/18,4/29/18,,,read,,,,1,,,0,,,,,
18077903,"Creativity, Inc.: Overcoming the Unseen Forces That Stand in the Way of True Inspiration",Ed Catmull,"Catmull, Ed",Amy    Wallace,812993012,9780812993011,5,4.21,Random House,Hardcover,368,2014,2009,8/31/18,8/24/18,,,read,,,,1,,,0,,,,,
25614898,When Breath Becomes Air,Paul Kalanithi,"Kalanithi, Paul",Abraham   Verghese,081298840X,9780812988406,3,4.36,Random House,Hardcover,229,2016,2016,8/7/18,7/2/18,,,read,,,,1,,,0,,,,,
29890867,World After Capital,Albert Wenger,"Wenger, Albert",,,,2,4.04,,,,,,8/3/18,5/14/18,,,read,,,,1,,,0,,,,,
189989,Finite and Infinite Games: A Vision of Life as Play and Possibility,James P. Carse,"Carse, James P.",,345341848,9780345341846,3,3.89,Ballantine Books,Mass Market Paperback,192,1987,1986,8/1/18,5/19/18,,,read,,,,1,,,0,,,,,
36204378,The Book of Why: The New Science of Cause and Effect,Judea Pearl,"Pearl, Judea",Dana Mackenzie,046509760X,9780465097609,0,3.95,Basic Books,Hardcover,432,2018,2018,,7/28/18,"to-read, might","to-read (#37), might (#13)",to-read,,,,0,,,0,,,,,
2122,The Fountainhead,Ayn Rand,"Rand, Ayn",Leonard Peikoff,451191153,9780451191151,0,3.87,Signet Book,Mass Market Paperback,704,1996,1943,,7/24/18,"to-read, might","to-read (#36), might (#12)",to-read,,,,0,,,0,,,,,
35957157,Thinking in Bets: Making Smarter Decisions When You Don't Have All the Facts,Annie Duke,"Duke, Annie",,735216355,9780735216358,3,3.84,Portfolio Penguin,Hardcover,288,2018,2018,7/20/18,4/29/18,,,read,,,,1,,,0,,,,,
693088,Social Theory and Social Structure,Robert K. Merton,"Merton, Robert K.",,29211301,9780029211304,0,4.11,Free Press,Hardcover,702,1968,1949,,7/19/18,"to-read, might","to-read (#35), might (#11)",to-read,,,,0,,,0,,,,,
28820444,The Elephant in the Brain: Hidden Motives in Everyday Life,Kevin Simler,"Simler, Kevin",Robin Hanson,,9780190496012,4,4.05,Oxford University Press,ebook,408,2017,2017,7/17/18,5/9/18,,,read,,,,1,,,0,,,,,
36319077,The Case Against Education: Why the Education System Is a Waste of Time and Money,Bryan Caplan,"Caplan, Bryan",,691174652,9780691174655,0,4.01,Princeton University Press,Hardcover,416,2018,2018,,7/16/18,"might, to-read","might (#10), to-read (#34)",to-read,,,,0,,,0,,,,,
40536148,High Growth Handbook,Elad Gil,"Gil, Elad",,1732265100,9781732265103,0,4.2,Stripe Press,Hardcover,344,2018,2018,,7/11/18,to-read,to-read (#33),to-read,,,,0,,,0,,,,,
1842,"Guns, Germs, and Steel: The Fates of Human Societies",Jared Diamond,"Diamond, Jared",,739467352,9780739467350,0,4.03,W.W. Norton & Company,Paperback,425,2005,1997,7/10/18,4/29/18,,,read,,,,1,,,0,,,,,
25744928,Deep Work: Rules for Focused Success in a Distracted World,Cal Newport,"Newport, Cal",,1455586692,9781455586691,0,4.2,Grand Central Publishing,Hardcover,296,2016,2016,,7/8/18,"might, to-read","might (#9), to-read (#32)",to-read,,,,0,,,0,,,,,
27068734,But What If We're Wrong? Thinking About the Present As If It Were the Past,Chuck Klosterman,"Klosterman, Chuck",,399184120,9780399184123,0,3.63,Blue Rider Press,Hardcover,262,2016,2016,,7/5/18,"to-read, might","to-read (#31), might (#8)",to-read,,,,0,,,0,,,,,
89158,Expert Political Judgment: How Good Is It? How Can We Know?,Philip E. Tetlock,"Tetlock, Philip E.",,691128715,9780691128719,0,4.02,Princeton University Press,Paperback,321,2006,2005,,7/5/18,to-read,to-read (#30),to-read,,,,0,,,0,,,,,
31353136,All Out War: The Full Story of How Brexit Sank Britain's Political Class,Tim Shipman,"Shipman, Tim",,,,0,4.33,William Collins,Kindle Edition,688,2016,2016,,7/5/18,"might, to-read","might (#7), to-read (#29)",to-read,,,,0,,,0,,,,,
25982542,I Am Not I,Jacob Needleman,"Needleman, Jacob",,162317015X,9781623170158,0,3.66,North Atlantic Books,ebook,120,2016,2016,,7/1/18,"to-read, might","to-read (#28), might (#6)",to-read,,,,0,,,0,,,,,
13642710,"Nexus (Nexus, #1)",Ramez Naam,"Naam, Ramez",,857662937,9780857662934,0,4.05,Angry Robot,Paperback,460,2012,2012,,7/1/18,to-read,to-read (#27),to-read,,,,0,,,0,,,,,
29358555,The Man Who Knew: The Life and Times of Alan Greenspan,Sebastian Mallaby,"Mallaby, Sebastian",,1594204845,9781594204845,0,4.33,Penguin Press,Hardcover,800,2016,2016,,7/1/18,"to-read, might","to-read (#26), might (#5)",to-read,,,,0,,,0,,,,,
337517,Things Hidden Since the Foundation of the World,René Girard,"Girard, René","Stephen Bann, Michael Metteer",804722153,9780804722155,0,4.31,Stanford University Press,Paperback,480,1987,1978,,6/26/18,to-read,to-read (#25),to-read,,,,0,,,0,,,,,
31850765,Energy and Civilization: A History,Vaclav Smil,"Smil, Vaclav",,262035774,9780262035774,0,4.11,The MIT Press,Hardcover,568,2017,2017,,6/23/18,to-read,to-read (#24),to-read,,,,0,,,0,,,,,
12935037,Principles (Summary),Ray Dalio,"Dalio, Ray",,,,0,4.16,www.bwater.com,ebook,106,2011,2011,,4/29/18,,,read,,,,1,,,0,,,,,
242530,The Hero's Journey: Joseph Campbell on His Life & Work (Works),Joseph Campbell,"Campbell, Joseph",Phil Cousineau,1577314042,9781577314042,0,4.39,New World Library,cloth,288,2003,1990,,6/14/18,"to-read, might","to-read (#23), might (#4)",to-read,,,,0,,,0,,,,,
21926865,The Accidental Superpower: The Next Generation of American Preeminence and the Coming Global Disorder,Peter Zeihan,"Zeihan, Peter",,1455583669,9781455583669,0,4.35,Twelve,Hardcover,384,2014,2014,,6/10/18,to-read,to-read (#22),to-read,,,,0,,,0,,,,,
6617037,"Debt: The First 5,000 Years",David Graeber,"Graeber, David",,1933633867,9781933633862,0,4.17,Melville House Publishing,Hardcover,534,2011,2011,,6/3/18,to-read,to-read (#21),to-read,,,,0,,,0,,,,,
816,Cryptonomicon,Neal Stephenson,"Stephenson, Neal",,,,0,4.24,Avon,Mass Market Paperback,1139,2002,1999,,6/3/18,to-read,to-read (#20),to-read,,,,0,,,0,,,,,
34758210,The Color of Money: Black Banks and the Racial Wealth Gap,Mehrsa Baradaran,"Baradaran, Mehrsa",,674970950,9780674970953,0,4.59,Belknap Press,Hardcover,371,2017,2017,,6/1/18,to-read,to-read (#19),to-read,,,,0,,,0,,,,,
25366656,"How the Other Half Banks: Exclusion, Exploitation, and the Threat to Democracy",Mehrsa Baradaran,"Baradaran, Mehrsa",,674286065,9780674286061,0,4.1,Harvard University Press,Hardcover,336,2015,2015,,6/1/18,to-read,to-read (#18),to-read,,,,0,,,0,,,,,
20828819,Emperor of All Maladies: A Biography of Cancer by Siddhartha Mukherjee l Summary & Study Guide,BookRags,"BookRags, BookRags",,,,0,4.4,,Kindle Edition,48,2012,2012,,5/18/18,to-read,to-read (#17),to-read,,,,0,,,0,,,,,
25698,An Inquiry into the Nature and Causes of the Wealth of Nations,Adam Smith,"Smith, Adam",,553585975,9780553585971,0,3.85,Arlington House,Leather Bound,1264,2003,1776,,5/17/18,to-read,to-read (#16),to-read,,,,0,,,0,,,,,
40745,Mindset: The New Psychology of Success,Carol S. Dweck,"Dweck, Carol S.",,,,0,4.06,Random House,Hardcover,276,2006,2006,,5/7/18,to-read,to-read (#15),to-read,,,,0,,,0,,,,,
24611598,America's Bank: The Epic Struggle to Create the Federal Reserve,Roger Lowenstein,"Lowenstein, Roger",,1594205493,9781594205491,0,3.81,Penguin Press,Hardcover,368,2015,2015,,5/7/18,to-read,to-read (#14),to-read,,,,0,,,0,,,,,
21866821,Lean B2B: Build Products Businesses Want,Etienne Garbugli,"Garbugli, Etienne",,1495296601,9781495296604,0,4.18,Createspace Independent Publishing Platform,Paperback,270,2014,2014,,5/7/18,to-read,to-read (#13),to-read,,,,0,,,0,,,,,
60509,Technological Revolutions and Financial Capital: The Dynamics of Bubbles and Golden Ages,Carlota Pérez,"Pérez, Carlota",,1843763311,9781843763314,0,4.37,Edward Elgar Pub,Paperback,224,2003,2002,,5/7/18,to-read,to-read (#12),to-read,,,,0,,,0,,,,,
36606376,Inadequate Equilibria: Where and How Civilizations Get Stuck,Eliezer Yudkowsky,"Yudkowsky, Eliezer",,,9781939311207,0,4.11,Machine Intelligence Research institute,ebook,167,2017,2017,,5/5/18,to-read,to-read (#11),to-read,,,,0,,,0,,,,,
36515770,Radical Markets: Uprooting Capitalism and Democracy for a Just Society,Eric A. Posner,"Posner, Eric A.",E. Glen Weyl,691177503,9780691177502,0,4.01,Princeton University Press,Hardcover,368,2018,2018,,5/5/18,to-read,to-read (#10),to-read,,,,0,,,0,,,,,
316767,The Box: How the Shipping Container Made the World Smaller and the World Economy Bigger,Marc Levinson,"Levinson, Marc",,691123241,9780691123240,0,3.86,Princeton University Press,Hardcover,376,2006,2006,,4/29/18,currently-reading,currently-reading (#1),currently-reading,,,,1,,,0,,,,,
24113,"Gödel, Escher, Bach: An Eternal Golden Braid",Douglas R. Hofstadter,"Hofstadter, Douglas R.",,465026567,9780465026562,0,4.28,Basic Books,Paperback,777,1999,1979,,5/1/18,to-read,to-read (#9),to-read,,,,0,,,0,,,,,
5546,The Feynman Lectures on Physics,Richard P. Feynman,"Feynman, Richard P.","Robert B. Leighton, Matthew L. Sands",805390456,9780805390452,0,4.6,Addison Wesley,Hardcover,1552,2005,1964,,4/29/18,to-read,to-read (#8),to-read,,,,0,,,0,,,,,
2547,The Prophet,Kahlil Gibran,"Gibran, Kahlil",,000100039X,9780001000391,0,4.22,Rupa & Co,Paperback,127,2010,1923,,4/29/18,"might, to-read","might (#1), to-read (#7)",to-read,,,,0,,,0,,,,,
703102,"Compilers: Principles, Techniques, and Tools",Alfred V. Aho,"Aho, Alfred V.","Ravi Sethi, Jeffrey D. Ullman",201100886,9780201100884,0,4.08,Addison-Wesley Publishing Company,Hardcover,796,1986,1986,,4/29/18,study,study (#20),read,,,,2,,,0,,,,,
166190,Computer Networks,Andrew S. Tanenbaum,"Tanenbaum, Andrew S.",,130661023,0076092022473,0,4.1,Prentice Hall,Hardcover,912,2002,1981,,4/29/18,,,read,,,,1,,,0,,,,,
166195,Modern Operating Systems,Andrew S. Tanenbaum,"Tanenbaum, Andrew S.",Herbert Bos,130313580,9780130313584,0,4.12,Prentice Hall,Hardcover,976,2001,1992,,4/29/18,,,read,,,,2,,,0,,,,,
227119,Understanding the Linux Kernel,Daniel P. Bovet,"Bovet, Daniel P.",Marco Cesati,596005652,9780596005658,0,4.09,O'Reilly Media,Paperback,923,2005,2000,,4/29/18,,,read,,,,1,,,0,,,,,
239240,"UNIX Network Programming, Volume 1: The Sockets Networking API",W. Richard Stevens,"Stevens, W. Richard","Bill Fenner, Andrew M. Rudoff",131411551,0076092025917,0,4.35,Addison-Wesley Professional,Hardcover,991,2003,2000,,4/29/18,study,study (#19),read,,,,1,,,0,,,,,
634583,Wings of Fire: An Autobiography,A.P.J. Abdul Kalam,"Kalam, A.P.J. Abdul",Arun Tiwari,8173711461,9788173711466,0,4.23,Universities Press,Paperback,180,2011,1999,,4/29/18,,,read,,,,1,,,0,,,,,
9418297,MongoDB: The Definitive Guide,Kristina Chodorow,"Chodorow, Kristina",Michael Dirolf,1449381561,9781449381561,0,3.84,O'Reilly Media,Paperback,216,2010,2010,,4/29/18,study,study (#18),read,,,,1,,,0,,,,,
1533141,Object-Oriented Programming in C++,Robert Lafore,"Lafore, Robert",,672323087,9780672323089,0,4.12,Sams Publishing,Paperback,1012,2001,1995,,4/29/18,study,study (#17),read,,,,0,,,0,,,,,
2602291,Programming In Ansi C,E. Balagurusamy,"Balagurusamy, E.",,74604015,9780074604014,0,3.95,McGraw Hill Education India Pvt Ltd,Paperback,425,1992,1994,,4/29/18,study,study (#16),read,,,,2,,,0,,,,,
22091126,OpenStack Operations Guide,Tom Fifield,"Fifield, Tom","Diane Fleming, Anne Gentle, Lorin Hochstein, Jonathan Proulx, Everett Toews, Joe Topjian",,,0,3.88,O'Reilly Media,Kindle Edition,330,2014,2014,,4/29/18,study,study (#15),read,,,,1,,,0,,,,,
135453,"Ivor Horton's Beginning Java 2, JDK",Ivor Horton,"Horton, Ivor",,764568744,9780764568749,0,3.21,Wrox Press,Paperback,1512,2005,2004,,4/29/18,study,study (#14),read,,,,1,,,0,,,,,
11435325,Your Unix/Linux: The Ultimate Guide,Sumitabha Das,"Das, Sumitabha",,73376205,9780073376202,0,4.03,McGraw-Hill Education,Hardcover,800,2012,2011,,4/29/18,study,study (#13),read,,,,1,,,0,,,,,
6308439,Hadoop: The Definitive Guide,Tom  White,"White, Tom",Doug Cutting,596521979,9780596521974,0,3.95,O'Reilly Media,Paperback,528,2009,2009,,4/29/18,study,study (#12),read,,,,1,,,0,,,,,
83833,Operating System Concepts,Abraham Silberschatz,"Silberschatz, Abraham","Peter Baer Galvin, Greg Gagne",471694665,9780471694663,0,3.9,John Wiley & Sons,Hardcover,944,2004,1985,,4/29/18,study,study (#11),read,,,,1,,,0,,,,,
231262,Head First Java,Kathy Sierra,"Sierra, Kathy",Bert Bates,596009208,9780596009205,0,4.23,O'Reilly Media,Paperback,688,2005,2003,,4/29/18,study,study (#10),read,,,,1,,,0,,,,,
105576,Five Point Someone: What Not to Do at IIT,Chetan Bhagat,"Bhagat, Chetan",,8129104598,9788129104595,0,3.43,Rupa Publications,Paperback,267,2011,2004,,4/29/18,,,read,,,,1,,,0,,,,,
3320520,The 3 Mistakes of My Life,Chetan Bhagat,"Bhagat, Chetan",,,9788129113726,0,3.02,Rupa & Co.,Paperback,258,2008,2008,,4/29/18,,,read,,,,2,,,0,,,,,
58129,Head First Servlets and JSP: Passing the Sun Certified Web Component Developer Exam,Bryan Basham,"Basham, Bryan","Bert Bates, Kathy Sierra",596005407,9780596005405,0,4.17,O'Reilly Media,Paperback,888,2004,2004,,4/29/18,study,study (#9),read,,,,2,,,0,,,,,
666032,Java 2: The Complete Reference,Herbert Schildt,"Schildt, Herbert",Herb Schildt,72224207,9780072224207,0,3.93,McGraw-Hill/Osborne Media,Paperback,1184,2002,2000,,4/29/18,study,study (#8),read,,,,2,,,0,,,,,
7183279,Metaprogramming Ruby,Paolo Perrotta,"Perrotta, Paolo",Paolo Perrotta,1934356476,9781934356470,0,4.29,Pragmatic Bookshelf,Paperback,296,2010,2010,,4/29/18,study,study (#7),read,,,,2,,,0,,,,,
7000391,Mr. Neighborly's Humble Little Ruby Book,Jeremy McAnally,"McAnally, Jeremy",,,,0,3.68,Jeremy McAnally,Paperback,127,2006,2006,,4/29/18,study,study (#6),read,,,,1,,,0,,,,,
16094292,OpenStack Cloud Computing Cookbook,Kevin Jackson,"Jackson, Kevin",,1849517320,9781849517324,0,3.21,Packt Publishing,Paperback,318,2012,2012,,4/29/18,study,study (#5),read,,,,1,,,0,,,,,
522100,The Standard C Library,P.J. Plauger,"Plauger, P.J.",,131315099,9780131315099,0,4.14,Pearson,Paperback,512,1991,1991,,4/29/18,study,study (#4),read,,,,1,,,0,,,,,
17219668,Ace the Programming Interview: 160 Questions and Answers for Success,Edward Guiness,"Guiness, Edward",,1118518624,9781118518625,0,3.64,Wiley,ebook,448,2013,2013,,4/29/18,study,study (#3),read,,,,1,,,0,,,,,
13654930,The Official Guide to the GRE Revised General Test [with CD-ROM],Educational Testing Service,"Service, Educational Testing",,007179123X,9780071791236,0,3.69,McGraw-Hill Education,Paperback,563,2012,2007,,4/29/18,study,study (#2),read,,,,1,,,0,,,,,
387742,Barron's GRE,Sharon Weiner Green,"Green, Sharon Weiner",Ira K. Wolf,764135414,9780764135415,0,3.69,Barrons Educational Series,Paperback,560,2007,2000,,4/29/18,study,study (#1),read,,,,1,,,0,,,,,
7776209,The Rational Optimist: How Prosperity Evolves,Matt Ridley,"Ridley, Matt",,006145205X,9780061452055,0,3.97,Harper,Hardcover,448,2010,2010,,4/29/18,to-read,to-read (#6),to-read,,,,0,,,0,,,,,
22609444,"Bold: How to Go Big, Create Wealth and Impact the World",Peter H. Diamandis,"Diamandis, Peter H.",Steven Kotler,1476709564,9781476709567,0,4.01,Simon  Schuster,Hardcover,336,2015,2015,,4/29/18,to-read,to-read (#5),to-read,,,,0,,,0,,,,,
10483171,The Beginning of Infinity: Explanations That Transform the World,David Deutsch,"Deutsch, David",,670022756,9780670022755,0,4.12,Viking,Hardcover,487,2011,2011,,4/29/18,to-read,to-read (#4),to-read,,,,0,,,0,,,,,
82256,The Sovereign Individual: Mastering the Transition to the Information Age,James Dale Davidson,"Davidson, James Dale",William Rees-Mogg,684832720,9780684832722,0,4.23,Touchstone,Paperback,448,1999,1997,,4/29/18,to-read,to-read (#3),to-read,,,,0,,,0,,,,,
10260,The Pleasure of Finding Things Out: The Best Short Works of Richard P. Feynman,Richard P. Feynman,"Feynman, Richard P.","Jeffrey Robbins, Freeman Dyson",,,0,4.24,Basic Books,Paperback,270,2005,1999,,4/29/18,to-read,to-read (#2),to-read,,,,0,,,0,,,,,
324748,The Dip: A Little Book That Teaches You When to Quit (and When to Stick),Seth Godin,"Godin, Seth",,1591841666,9781591841661,0,3.84,Portfolio,Hardcover,80,2007,2007,,4/29/18,,,read,,,,1,,,0,,,,,
31170723,Behave: The Biology of Humans at Our Best and Worst,Robert M. Sapolsky,"Sapolsky, Robert M.",,1594205078,9781594205071,0,4.42,Penguin Press,Hardcover,790,2017,2017,,4/29/18,,,read,,,,1,,,0,,,,,
35167718,"""What Do You Care What Other People Think?"": Further Adventures of a Curious Character",Richard P. Feynman,"Feynman, Richard P.",Ralph Leighton,393355640,9780393355642,0,4.21,W. W. Norton  Company,Paperback,288,2018,1988,,4/29/18,,,read,,,,1,,,0,,,,,
13530973,Antifragile: Things That Gain from Disorder,Nassim Nicholas Taleb,"Taleb, Nassim Nicholas",,1400067820,9781400067824,0,4.1,Random House,Hardcover,426,2012,2012,,4/29/18,,,read,,,,2,,,0,,,,,
27220736,Shoe Dog: A Memoir by the Creator of NIKE,Phil Knight,"Knight, Phil",,1501135910,9781501135910,0,4.48,Scribner,Hardcover,400,2016,2016,,4/29/18,,,read,,,,1,,,0,,,,,
6342995,The Score Takes Care of Itself: My Philosophy of Leadership,Bill   Walsh,"Walsh, Bill","Steve Jamison, Craig Walsh",1591842662,9781591842668,0,4.25,Portfolio Hardcover,Hardcover,288,2009,2009,,4/29/18,,,read,,,,1,,,0,,,,,
34889281,The Dawn of Eurasia: On the Trail of the New World Order,Bruno Maçães,"Maçães, Bruno",,241309255,9780241309254,0,3.93,Allen Lane,Hardcover,304,2018,2018,,4/29/18,to-read,to-read (#1),to-read,,,,0,,,0,,,,,
25541028,"Elon Musk: Tesla, SpaceX, and the Quest for a Fantastic Future",Ashlee Vance,"Vance, Ashlee",,62301233,9780062301239,0,4.21,Ecco,Hardcover,392,2015,2015,,11/12/17,,,read,,,,1,,,0,,,,,
27213329,Grit: The Power of Passion and Perseverance,Angela Duckworth,"Duckworth, Angela",,1443442313,9781443442312,4,4.09,Collins,Hardcover,277,2016,2016,,11/12/17,,,read,,,,1,,,0,,,,,
1713426,Predictably Irrational: The Hidden Forces That Shape Our Decisions,Dan Ariely,"Ariely, Dan",,,,4,4.13,HarperCollins Canada ,Hardcover,400,2008,2008,,2/26/17,,,read,,,,1,,,0,,,,,
18050143,"Zero to One: Notes on Startups, or How to Build the Future",Peter Thiel,"Thiel, Peter",Blake  Masters,804139296,9780804139298,4,4.17,Crown Business,Hardcover,195,2014,2014,,11/12/17,,,read,,,,1,,,0,,,,,
31823677,"Tools of Titans: The Tactics, Routines, and Habits of Billionaires, Icons, and World-Class Performers",Timothy Ferriss,"Ferriss, Timothy",Arnold Schwarzenegger,,,3,4.09,Houghton Mifflin Harcourt,Kindle Edition,707,2016,2016,,1/26/17,,,read,,,,1,,,0,,,,,
22668729,Hooked: How to Build Habit-Forming Products,Nir   Eyal,"Eyal, Nir",,1591847788,9781591847786,4,4.09,Portfolio,Hardcover,256,2014,2013,,11/12/17,,,read,,,,1,,,0,,,,,
5544,"Surely You're Joking, Mr. Feynman!: Adventures of a Curious Character",Richard P. Feynman,"Feynman, Richard P.",Микола Климчук,393316041,9780393316049,4,4.27,W. W. Norton & Company,Paperback,391,1997,1985,,11/12/17,,,read,,,,1,,,0,,,,,
23692271,Sapiens: A Brief History of Humankind,Yuval Noah Harari,"Harari, Yuval Noah",,,,5,4.41,Harvill Secker,Paperback,498,2014,2011,,11/12/17,,,read,,,,1,,,0,,,,,
18176747,The Hard Thing About Hard Things: Building a Business When There Are No Easy Answers,Ben Horowitz,"Horowitz, Ben",,62273205,9780062273208,4,4.24,Harper Business,Hardcover,304,2014,2014,,11/12/17,,,read,,,,1,,,0,,,,,
11468377,"Thinking, Fast and Slow",Daniel Kahneman,"Kahneman, Daniel",,374275637,9780374275631,4,4.16,"Farrar, Straus and Giroux",Hardcover,499,2011,2011,,11/12/17,,,read,,,,1,,,0,,,,,
51291,How to Lie with Statistics,Darrell Huff,"Huff, Darrell",Irving Geis,393310728,9780393310726,3,3.87,W. W. Norton & Company,Paperback,142,1982,1954,,11/12/17,,,read,,,,1,,,0,,,,,
2615,The Innovator's Dilemma: The Revolutionary Book that Will Change the Way You Do Business,Clayton M. Christensen,"Christensen, Clayton M.",L.J. Ganser,60521996,9780060521998,4,4.01,Harper Paperbacks,Paperback,286,2003,1997,,11/12/17,,,read,,,,1,,,0,,,,,
41793,Hackers & Painters: Big Ideas from the Computer Age,Paul Graham,"Graham, Paul","Allen Noren, Matt Hutchinson",596006624,9780596006624,4,4.05,O'Reilly Media,Hardcover,272,2004,2004,,11/12/17,,,read,,,,1,,,0,,,,,
61535,The Selfish Gene,Richard Dawkins,"Dawkins, Richard",,199291152,9780199291151,4,4.14,"Oxford University Press, USA",Paperback,360,2006,1976,,11/12/17,,,read,,,,1,,,0,,,,,
25614523,Originals: How Non-Conformists Move the World,Adam M. Grant,"Grant, Adam M.",,525429565,9780525429562,0,3.96,Viking,Hardcover,326,2016,2016,,11/12/17,,,read,,,,1,,,0,,,,,
1202,Freakonomics: A Rogue Economist Explores the Hidden Side of Everything,Steven D. Levitt,"Levitt, Steven D.",Stephen J. Dubner,61234001,9780061234002,0,3.98,William Morrow,Hardcover,320,2006,2005,,11/12/17,,,read,,,,1,,,0,,,,,
3228917,Outliers: The Story of Success,Malcolm Gladwell,"Gladwell, Malcolm",,316017922,9780316017923,0,4.16,"Little, Brown and Company",Hardcover,309,2008,2008,,11/12/17,,,read,,,,1,,,0,,,,,
36072,The 7 Habits of Highly Effective People: Powerful Lessons in Personal Change,Stephen R. Covey,"Covey, Stephen R.",Jim Collins,743269519,9780743269513,0,4.12,Free Press,Paperback,372,2004,1989,,11/12/17,,,read,,,,1,,,0,,,,,
6900,Tuesdays with Morrie,Mitch Albom,"Albom, Mitch",,751529818,9780751529814,0,4.11,Warner,Paperback,210,2000,1997,,11/12/17,,,read,,,,1,,,0,,,,,
11084145,Steve Jobs,Walter Isaacson,"Isaacson, Walter",,1451648537,9781451648539,0,4.14,Simon & Schuster,Hardcover,627,2011,2011,,11/12/17,,,read,,,,1,,,0,,,,,
2998152,JavaScript: The Good Parts,Douglas Crockford,"Crockford, Douglas",,596517742,9780596517748,0,4.23,Yahoo Press,Paperback,153,2008,2008,,11/12/17,,,read,,,,1,,,0,,,,,
13425570,How Will You Measure Your Life?,Clayton M. Christensen,"Christensen, Clayton M.","James Allworth, Karen Dillon",62102427,9780062102423,0,4.08,Harper Business,ebook,240,2012,2012,,11/12/17,,,read,,,,1,,,0,,,,,
6732019,Rework,Jason Fried,"Fried, Jason",David Heinemeier Hansson,307463745,9780307463746,0,3.95,Crown Business,Hardcover,279,2010,2010,,11/12/17,,,read,,,,1,,,0,,,,,
136251,"Harry Potter and the Deathly Hallows (Harry Potter, #7)",J.K. Rowling,"Rowling, J.K.",,545010225,9780545010221,0,4.62,Arthur A. Levine Books / Scholastic Inc.,Hardcover,759,2007,2007,,11/12/17,,,read,,,,1,,,0,,,,,
1,"Harry Potter and the Half-Blood Prince (Harry Potter, #6)",J.K. Rowling,"Rowling, J.K.",,,,0,4.57,Scholastic Inc.,Paperback,652,2006,2005,,11/12/17,,,read,,,,1,,,0,,,,,
2,"Harry Potter and the Order of the Phoenix (Harry Potter, #5)",J.K. Rowling,"Rowling, J.K.",Mary GrandPré,439358078,9780439358071,0,4.5,Scholastic Inc.,Paperback,870,2004,2003,,11/12/17,,,read,,,,1,,,0,,,,,
6,"Harry Potter and the Goblet of Fire (Harry Potter, #4)",J.K. Rowling,"Rowling, J.K.",Mary GrandPré,,,0,4.56,Scholastic,Paperback,734,2002,2000,,11/12/17,,,read,,,,1,,,0,,,,,
5,"Harry Potter and the Prisoner of Azkaban (Harry Potter, #3)",J.K. Rowling,"Rowling, J.K.",Mary GrandPré,043965548X,9780439655484,0,4.57,Scholastic Inc.,Mass Market Paperback,435,2004,1999,,11/12/17,,,read,,,,1,,,0,,,,,
15881,"Harry Potter and the Chamber of Secrets (Harry Potter, #2)",J.K. Rowling,"Rowling, J.K.",Mary GrandPré,439064864,9780439064866,0,4.43,Arthur A. Levine Books / Scholastic Inc.,Hardcover,341,1999,1998,,11/12/17,,,read,,,,1,,,0,,,,,
3,"Harry Potter and the Sorcerer's Stone (Harry Potter, #1)",J.K. Rowling,"Rowling, J.K.",Mary GrandPré,,,0,4.47,Scholastic Inc,Hardcover,309,2003,1997,,11/12/17,,,read,,,,1,,,0,,,,,
6452796,Drive: The Surprising Truth About What Motivates Us,Daniel H. Pink,"Pink, Daniel H.",,1594488843,9781594488849,0,3.95,Riverhead Books,Hardcover,242,2009,2009,,11/12/17,,,read,,,,1,,,0,,,,,
4069,Man's Search for Meaning,Viktor E. Frankl,"Frankl, Viktor E.","Harold S. Kushner, William J. Winslade, Isle Lasch",080701429X,9780807014295,0,4.36,Beacon Press,Paperback,165,2006,1946,,11/12/17,,,read,,,,1,,,0,,,,,